id,firstname,lastname,email,gender,birthDate,addressId
1,Fabiano,Bossons,fbossons0@feedburner.com,Bigender,09.09.1973,25
2,Kipper,Nemchinov,knemchinov1@toplist.cz,Non-binary,05.11.1998,30
3,Andris,Plan,aplan2@berkeley.edu,Genderqueer,18.01.1965,18
4,Lolly,MacKnockiter,lmacknockiter3@adobe.com,Genderqueer,10.01.1969,8
5,Hildegarde,De Bruyn,hdebruyn4@qq.com,Bigender,17.03.1998,18
6,Brigid,Danher,bdanher5@webnode.com,Female,06.06.1982,26
7,Eldon,Simkin,esimkin6@samsung.com,Non-binary,08.03.1980,26
8,Ruthann,Webland,rwebland7@ezinearticles.com,Genderfluid,17.11.1960,13
9,Tuckie,Wodham,twodham8@github.com,Bigender,17.01.1995,12
10,Shantee,Pays,spays9@yandex.ru,Agender,20.06.1970,5
11,Georgeta,Snawdon,gsnawdona@archive.org,Polygender,06.03.1986,15
12,Curtice,Hacun,chacunb@eepurl.com,Non-binary,25.02.1972,20
13,Mercy,Koop,mkoopc@boston.com,Bigender,08.07.1977,22
14,Fletch,Sadry,fsadryd@boston.com,Bigender,08.09.1978,9
15,Leda,Sankey,lsankeye@yale.edu,Agender,15.03.1965,5
16,Marysa,Busfield,mbusfieldf@liveinternet.ru,Bigender,05.10.2000,7
17,Xymenes,Coppock.,xcoppockg@timesonline.co.uk,Non-binary,14.05.1979,20
18,Issi,Gawith,igawithh@jiathis.com,Bigender,15.02.1963,29
19,Aloise,Espina,aespinai@qq.com,Non-binary,02.08.1970,26
20,Faye,Hamly,fhamlyj@issuu.com,Polygender,28.07.1999,14
21,Derrik,Ixor,dixork@ebay.com,Male,03.08.1988,14
22,Jordan,Bowhay,jbowhayl@washington.edu,Female,23.02.1974,2
23,Willamina,MacDuff,wmacduffm@mlb.com,Genderqueer,06.11.1978,13
24,Nate,Savidge,nsavidgen@china.com.cn,Non-binary,16.01.1977,19
25,Elonore,Pothbury,epothburyo@geocities.com,Female,03.11.1960,5
26,Arabelle,McDaid,amcdaidp@ameblo.jp,Agender,14.07.1976,15
27,Rennie,Gooble,rgoobleq@arizona.edu,Female,14.02.2000,27
28,Mona,Beatty,mbeattyr@sourceforge.net,Bigender,15.09.1983,22
29,Hailey,Plaid,hplaids@sciencedirect.com,Polygender,12.07.1964,3
30,Jeffrey,Carlett,jcarlettt@163.com,Agender,01.05.1971,16
31,Royce,Lippo,rlippou@craigslist.org,Genderqueer,29.10.1983,1
32,Karlen,Bernier,kbernierv@webs.com,Genderqueer,11.12.1983,15
33,Cal,Klimes,cklimesw@google.es,Genderqueer,24.06.1976,15
34,Electra,Piola,epiolax@wikispaces.com,Agender,09.08.1973,4
35,Siouxie,Ghione,sghioney@boston.com,Agender,09.12.1981,3
36,Suzy,Andriulis,sandriulisz@virginia.edu,Polygender,08.06.1990,29
37,Gawen,Hellewell,ghellewell10@wisc.edu,Genderqueer,14.08.1971,11
38,Sigmund,Heel,sheel11@soundcloud.com,Male,10.04.1996,25
39,Dannie,O'Heffernan,doheffernan12@gnu.org,Polygender,28.10.1961,19
40,Annetta,Hillett,ahillett13@github.io,Bigender,25.10.1974,12
41,Donall,Skellen,dskellen14@accuweather.com,Male,18.06.1966,13
42,Joachim,Eccleston,jeccleston15@hubpages.com,Agender,10.01.1963,3
43,Barret,Neem,bneem16@tamu.edu,Genderfluid,30.05.1965,25
44,Leese,Gerrelts,lgerrelts17@twitpic.com,Non-binary,09.05.1969,25
45,Salem,Najara,snajara18@google.com.br,Genderqueer,21.02.1960,8
46,Ronnie,Oliva,roliva19@topsy.com,Bigender,19.11.1963,28
47,Sarene,Rawe,srawe1a@skyrock.com,Female,08.08.1965,1
48,Joaquin,Prium,jprium1b@naver.com,Non-binary,15.05.1971,28
49,Brier,Krysztofowicz,bkrysztofowicz1c@ucoz.ru,Genderqueer,18.04.1998,16
50,Margarette,De Paepe,mdepaepe1d@ocn.ne.jp,Bigender,30.10.1963,6
51,Jacklin,Sutor,jsutor1e@bigcartel.com,Agender,20.08.1975,21
52,Tess,Handke,thandke1f@a8.net,Male,04.05.1972,8
53,Lynette,Hardacre,lhardacre1g@hhs.gov,Female,15.09.1985,8
54,Jed,Westnage,jwestnage1h@tumblr.com,Non-binary,14.04.2000,24
55,Faun,Brinkman,fbrinkman1i@vimeo.com,Male,21.11.1998,25
56,Roy,Correa,rcorrea1j@theguardian.com,Non-binary,26.11.1988,15
57,Alic,Thoresby,athoresby1k@shutterfly.com,Genderfluid,01.09.1989,13
58,Amble,Muat,amuat1l@wikipedia.org,Non-binary,17.11.2000,10
59,Amelia,Yacob,ayacob1m@yolasite.com,Female,02.01.1990,25
60,Kelsey,Tattersall,ktattersall1n@eepurl.com,Agender,01.08.1988,26
61,Mal,Winman,mwinman1o@hibu.com,Male,31.05.1971,27
62,Pamelina,Steely,psteely1p@gmpg.org,Female,22.08.1980,8
63,Essy,Duding,eduding1q@t.co,Genderqueer,20.08.1978,30
64,Gail,Barth,gbarth1r@cargocollective.com,Agender,16.02.1988,2
65,Armand,Harlick,aharlick1s@oracle.com,Genderqueer,23.08.1994,25
66,Una,Longcaster,ulongcaster1t@google.fr,Non-binary,03.12.1992,30
67,Caro,Ridout,cridout1u@slashdot.org,Bigender,11.03.1960,9
68,Nellie,Wishart,nwishart1v@artisteer.com,Genderqueer,20.08.1998,26
69,Keeley,Moulds,kmoulds1w@mediafire.com,Bigender,16.07.1976,22
70,Winni,Waplington,wwaplington1x@bbc.co.uk,Female,14.10.1996,23
71,Dorothea,Rampton,drampton1y@reuters.com,Male,24.11.1965,11
72,Adrianne,Pedlow,apedlow1z@house.gov,Female,07.09.1973,7
73,Lelia,Kellitt,lkellitt20@nasa.gov,Genderqueer,16.08.1967,2
74,Antonius,Satteford,asatteford21@npr.org,Agender,26.01.1998,26
75,Louise,Goodwins,lgoodwins22@bluehost.com,Agender,10.03.1989,2
76,Terri-jo,Tring,ttring23@weibo.com,Female,25.06.1978,30
77,Ellynn,Gouly,egouly24@wiley.com,Genderfluid,22.07.1966,24
78,Dorry,Nuth,dnuth25@blogspot.com,Non-binary,07.03.1986,23
79,Kailey,Brugh,kbrugh26@wordpress.org,Bigender,03.09.1987,10
80,Noe,Greenard,ngreenard27@pen.io,Genderfluid,04.01.1970,5
81,Shelden,Mower,smower28@blogs.com,Non-binary,18.04.1965,1
82,Sashenka,Denekamp,sdenekamp29@over-blog.com,Genderfluid,08.04.1998,24
83,Biddie,Byles,bbyles2a@sun.com,Non-binary,04.12.1995,19
84,Jamal,Tertre,jtertre2b@digg.com,Genderqueer,16.03.1989,15
85,Drusi,Kleinplatz,dkleinplatz2c@army.mil,Agender,19.06.1963,4
86,Leroy,Manass,lmanass2d@mediafire.com,Non-binary,18.07.1996,5
87,Elsie,Lamperd,elamperd2e@usatoday.com,Genderqueer,06.10.1975,1
88,Olly,Ashingden,oashingden2f@miitbeian.gov.cn,Bigender,24.05.1988,5
89,Roley,Eccleston,reccleston2g@cisco.com,Polygender,05.03.1989,5
90,Buckie,Ishak,bishak2h@odnoklassniki.ru,Agender,12.12.1969,24
91,Terra,McNeish,tmcneish2i@cocolog-nifty.com,Genderfluid,13.02.1998,9
92,Ned,Van der Velden,nvandervelden2j@usda.gov,Female,19.11.1967,10
93,Romain,Wightman,rwightman2k@usatoday.com,Male,11.07.1963,30
94,Ossie,Ketton,oketton2l@ow.ly,Agender,11.02.1990,3
95,Collete,Rickerby,crickerby2m@imdb.com,Male,04.05.1983,23
96,Daryn,Lawlie,dlawlie2n@wp.com,Bigender,04.05.1981,25
97,Valentina,Daish,vdaish2o@cargocollective.com,Genderfluid,01.02.1975,30
98,Branden,Brame,bbrame2p@imageshack.us,Agender,21.12.1977,23
99,Kathe,Churchyard,kchurchyard2q@imgur.com,Genderfluid,23.06.2000,11
100,Cointon,Lelande,clelande2r@jugem.jp,Bigender,26.01.2000,13
